41.41690064,19.7166996
36.82220078,7.809400082
36.69329834,3.217200041
36.75,5.083300114
35.54779816,6.159999847
34.79330063,5.738100052
36.21279907,1.331699967
36.27690125,6.630000114
24.46529961,9.488900185
33.51670075,6.783299923
32.38219833,3.800600052
36.79999924,5.883299828
31.6739006,6.142799854
31.91670036,5.400000095
35.62779999,-0.610599995
36.18330002,5.333300114
27.7166996,-8.166700363
35.0155983,-1.458299995
22.81469917,5.459199905
-34.55889893,-58.41579819
-38.73059845,-62.15060043
-41.14970017,-71.15830231
-27.4496994,-58.7621994
-31.31310082,-64.19940186
-40.07580185,-71.1391983
-45.78720093,-67.46279907
-34.60829926,-58.61249924
-34.8199997,-58.53390122
-50.28030014,-72.05329895
-25.74169922,-54.46580124
-24.38500023,-65.09739685
-35.46670151,-69.57420349
-34.91669846,-57.95000076
-32.83190155,-68.78469849
-38.95000076,-68.15219879
-42.75899887,-65.10099793
-43.23329926,-65.32330322
-27.45140076,-59.05080032
-51.60919952,-69.33920288
-32.9056015,-60.7867012
-24.85499954,-65.47219849
-26.83329964,-65.19999695
-31.56669998,-68.41670227
-54.80279923,-68.32779694
40.15420151,44.40140152
40.71670151,43.83330154
12.50220013,-70.01390076
-26.70000076,141.0417023
-34.94829941,138.5346985
-38.04079819,144.4680939
-17.95000076,122.2300034
-27.38500023,153.1163025
-35.30889893,149.1950073
-16.88330078,145.7516937
-12.41670036,130.8721924
-13.97220039,136.4532929
-22.23500061,114.0817032
-26.60420036,153.0899963
-37.6617012,144.8332977
-14.11670017,133.8332977
-32.79579926,151.8332977
-28.16670036,153.5083008
-31.93169975,115.9682999
-20.37829971,118.6275024
-33.94419861,151.1757965
-19.25419998,146.7642059
46.99330139,15.43999958
47.26029968,11.34389973
46.64310074,14.3416996
48.23329926,14.1875
47.79309845,13.00559998
48.11109924,16.55830002
40.79309845,47.72579956
40.46659851,50.05250168
40.73329926,46.31669998
38.75889969,48.8064003
39.19029999,45.45890045
24.69779968,-77.7960968
25.69939995,-79.26560211
25.41749954,-77.88140106
25.47470093,-76.68499756
26.55669975,-78.69940186
23.46809959,-75.78250122
25.28389931,-76.33080292
25.73810005,-77.84030151
20.98329926,-73.66670227
26.51110077,-77.08470154
25.04059982,-77.47190094
25.74970055,-79.27639771
25.08329964,-77.30000305
24.89170075,-76.17810059
23.58329964,-75.26809692
24.31500053,-75.45359802
26.73500061,-77.37220001
24.6970005,-77.79579926
24.05999947,-74.53309631
22.2574997,91.82559967
21.45000076,91.9681015
23.78059959,90.38610077
24.95890045,91.87439728
13.07219982,-59.49309921
52.11669922,23.88330078
52.41669846,31
53.66669846,23.79999924
53.86669922,27.54999924
53.86669922,27.5333004
55.08330154,30.2166996
51.18999863,4.460000038
50.90140152,4.484399796
50.45920181,4.45389986
50.81719971,3.204699993
50.63750076,5.44329977
51.1996994,2.863600016
17.53610039,-88.30999756
16.53499985,-88.44000244
17.91110039,-87.96859741
17.5156002,-88.19580078
-17.42830086,-66.17169952
-16.50690079,-68.20140076
-17.96419907,-67.08080292
-18.9666996,-57.79999924
-14.85000038,-66.73329926
-21.55419922,-64.7457962
-17.64109993,-63.13389969
-10.98330021,-37.04999924
-21.14360046,-50.42610169
-1.378900051,-48.4756012
-16.43330002,-39.08330154
-15.86060047,-47.91529846
2.833300114,-60.66669846
-22.92499924,-42.07860184
-15.64999962,-56.11669922
-23.62610054,-46.65639877
-20.46330071,-54.67250061
-19.63330078,-43.96670151
-23,-47.13330078
-25.52669907,-49.17779923
-27.66970062,-48.55059815
-3.77670002,-38.53440094
-22.80780029,-43.24330139
-23.43499947,-46.47280121
-16.63829994,-49.21080017
-25.52470017,-54.58470154
-7.146399975,-34.95190048
-30.83329964,-55.61669922
-3.039200068,-60.04999924
0.050000001,-51.06669998
-9.515299797,-35.79579926
-22.2166996,-49.93330002
-5.768099785,-35.37609863
-26.87940025,-48.6507988
-19.85169983,-43.95080185
-29.99329948,-51.17079926
-9.9666996,-67.80000305
-8.125800133,-34.9239006
-32.08190155,-52.16640091
-16.43330002,-54.72859955
-22.90999985,-43.16279984
-12.91559982,-38.33610153
-19.77639961,-47.95830154
-21.54999924,-45.43330002
-23.00670052,-47.13439941
-20.26440048,-40.28749847
18.44389916,-64.5428009
18.7166996,-64.30000305
18.45000076,-64.58329773
18.44639969,-64.42970276
4.925000191,114.927803
42.56969833,27.51530075
42.06779862,24.85079956
42.70000076,23.39999962
43.23189926,27.82500076
44,22.83329964
11.16359997,-4.326399803
12.35219955,-1.513299942
-3.331700087,29.32080078
10.5795002,103.6369019
11.54609966,104.8478012
13.40890026,103.8158035
4.013299942,9.709199905
9.336099625,13.37559986
10.45219994,14.25640011
7.356400013,13.56140041
3.716700077,11.55000019
3.833600044,11.52359963
49.29999924,-123.1333008
43.66669846,-79.9332962
48.79999924,-123.199997
46.48310089,-84.50859833
48.81669998,-123.6166992
48.86669922,-123.3000031
49.07690048,-125.7763977
48.32220078,-70.98860169
49.9510994,-125.2694016
48.75,-123.2332993
49.05279923,-123.8692017
50.05690002,-124.8332977
64.04170227,-139.1208038
49.21670151,-57.40000153
50.18330002,-124.699997
53.30419922,-113.5916977
63.75220108,-68.56390381
45.86669922,-66.53330231
50.08330154,-124.949997
48.84999847,-123.5
49.36669922,-99.11669922
47.36669922,-61.90000153
48.95000076,-57.93330002
50.01670075,-125.25
43.16690064,-79.93060303
49.46670151,-123.75
44.88330078,-63.51670075
50.40940094,-125.1312027
50.69919968,-120.4383011
43.45560074,-80.3839035
49.96530151,-119.3778
48.81669998,-123.199997
56.65280151,-111.2205963
50.58330154,-127.0999985
67.58329773,-139.8332977
45.32080078,-75.67279816
51.81669998,-94
49.5,-124.0333023
46.78919983,-71.39810181
42.27420044,-82.96389771
43.83330154,-66.08329773
50.06499863,-125.2347031
49.63190079,-112.7917023
46.10889816,-64.68830109
49.71670151,-124.8933029
50.43190002,-104.665802
48.36970139,-89.32779694
55.17969894,-118.8835983
48.94670105,-54.56330109
46.16669846,-60.04999924
50.12390137,-124.8394013
50.41669846,-125.1667023
46.62689972,-80.79810333
45.31669998,-65.88330078
55.88330078,-126.8396988
46.5155983,-74.75530243
43.65000153,-79.38330078
45.46390152,-73.75
48.20560074,-78.83059692
48.05279923,-77.78279877
49.18719864,-123.1853027
52.66669846,-94.5
49.90000153,-97.23329926
48.65499878,-123.4666977
49.53329849,-115.7667007
52.16669846,-106.6832962
53.89170075,-122.6750031
43.03329849,-81.15000153
49.02389908,-122.3660965
60.71670151,-135.0666962
46.36579895,-79.42140198
51.1128006,-114.0196991
46.28609848,-63.13059998
48.64860153,-123.4235992
53.31669998,-60.41669846
47.6169014,-52.75
43.67969894,-79.625
62.46889877,-114.4441986
50.68059921,-127.3638992
50.21670151,-66.28330231
56.09030151,-96.0911026
49.15000153,-123.9332962
12.13469982,15.03499985
-23.43939972,-70.44280243
-18.33309937,-70.33809662
-22.48719978,-68.91670227
-27.16500092,-109.4266968
-20.2317009,-70.14080048
-29.91329956,-71.19779968
-41.43249893,-73.09030151
-51.68330002,-72.51670075
-53.12639999,-70.87750244
-33.38669968,-70.78500366
-38.76390076,-72.63690186
26.25720024,105.8728027
40.66669846,109.9832993
27.26670075,105.4710999
21.48329926,109.0832977
39.66640091,119.0599976
23.39249992,113.2996979
34.75,113.6667023
43.91669846,125.3332977
29.49580002,106.3597031
28.19659996,113.2207031
30.57999992,103.949997
31.70000076,119.9666977
40.08300018,113.3000031
40.02550125,124.2870026
38.91669846,121.6500015
40.20000076,94.6832962
39.84999847,110.0333023
29.13330078,110.4832993
30.2833004,109.3167038
43.4233017,112.0911026
26.10000038,119.2833023
48.19720078,134.3632965
19.93860054,110.4621964
40.85480118,111.8212967
31.99279976,116.9733963
30.23600006,120.4389038
28.23329926,113.1500015
33.78749847,119.1278
49.2132988,119.8239975
45.62210083,126.2482987
38.36669922,106.3666992
22.01670075,100.8000031
24.89999962,118.5832977
46.83330154,130.3500061
41.11669922,121.0167007
38.14279938,101.7382965
39.54309845,76.0196991
28.68330002,115.8833008
25.10390091,102.9428024
26.54059982,106.8003006
25.21590042,110.0472031
36.01670075,103.75
27,100
24.4829998,98.51699829
29.66670036,91.15000153
34.68330002,112.4666977
34.54999924,119.25
35.05270004,118.4262009
24.36669922,109.5333023
44.59999847,129.5
31.43110085,104.7380981
24.35000038,116.1333008
47.25529862,123.9240036
29.83329964,121.5333023
31.99530029,118.8116989
22.60960007,108.1716995
32.06669998,120.9666977
49.56560135,117.3450012
40.06669998,116.5999985
39.50859833,116.4107971
31.14389992,121.7913971
31.19809914,121.3364029
41.79999924,123.449997
45.01670075,119.75
34.25,108.8666992
38.04999924,114.4666977
23.36669922,116.6667023
18.30349922,109.4123993
22.54999924,113.9167023
36.26679993,120.3830032
27.63330078,109.0500031
39.14609909,117.2256012
36.75,116.9666977
39.1189003,117.3469009
29.73329926,118.3000031
37.82889938,112.5550003
43.9068985,87.47409821
38.33330154,109.4832993
36.75,119.2166977
37.1867981,122.2291031
27.95000076,120.6333008
30.5977993,114.2427979
27.70089912,118.0002976
38.5992012,112.9677963
31.58329964,120.3167038
30.89999962,108.4666977
27.9666996,102.2166977
34.36669922,108.699997
24.4666996,118.1166992
36.54999924,101.75
34.26670075,117.1832962
35.98300171,111.0169983
38.58810043,106.5385971
30.70000076,111.1832962
29.26670075,120.0500031
42.65000153,129.5
37.54999924,121.3332977
33.42580032,120.2031021
32.56169891,119.7202988
21.26670075,110.4666977
22.00779915,113.3781967
27.81110001,107.2461014
-10.45030022,105.6893997
-12.18859959,96.83059692
4.75,-73
12.58329964,-81.69999695
4.456399918,-75.76809692
10.89610004,-74.77890015
7.107200146,-73.12809753
4.706099987,-74.14219666
3.546099901,-76.38500214
4.766699791,-75.9332962
10.4467001,-75.51059723
7.929999828,-72.50939941
-4.196400166,-69.93939972
6.220799923,-75.5931015
4.814700127,-75.74500275
8.416700363,-75.59999847
11.5291996,-72.92440033
8.766699791,-76.53330231
11.12220001,-74.22859955
4.07889986,-73.5667038
9.955800057,-83.02110291
10.58969975,-85.55000305
9.800000191,-85.53330231
9.856499672,-85.3707962
8.534399986,-83.30139923
9.993900299,-84.20890045
9.957500458,-84.14029694
9.739199638,-85.01580048
10.93330002,-85.46669769
9.449999809,-84.15000153
43.28580093,16.67970085
42.56330109,18.26530075
44.56689835,14.39389992
45.54999924,18.68330002
44.89170075,13.9236002
45.21670151,14.56830025
43.52500153,16.29220009
44.09780121,15.35669994
45.74309921,16.07029915
45.80329895,15.99330044
22.51390076,-78.50830078
22.14999962,-80.41419983
21.41860008,-77.84970093
21.61750031,-81.55079651
20.08110046,-75.15809631
22.98940086,-82.40750122
20.7852993,-76.31500244
20.32500076,-77.12889862
19.90609932,-75.20749664
19.96920013,-75.83580017
22.49189949,-79.94190216
23.12579918,-81.29720306
49.15140152,16.69440079
50.2030983,12.91499996
49.70000076,18.11669922
50.01330185,15.73890019
50.09999847,14.26669979
0.566699982,29.4666996
1.571699977,30.21279907
-11.59080029,27.5291996
-4.384699822,15.4449997
0.516700029,25.15500069
-1.669999957,29.23500061
1.613299966,18.06189919
-10.33329964,28.75
-6.12139988,23.56970024
0.216600001,29.45000076
57.0931015,9.850000382
56.31029892,10.61810017
55.74029923,9.152799606
55.60810089,12.63329983
55.52640152,8.552499771
62.06669998,-7.266699791
56.29999924,9.116700172
55.47639847,10.32859993
55.58610153,12.13329983
55.06560135,14.7578001
54.93030167,9.794699669
11.54669952,43.15779877
15.38609982,-61.40060043
15.54310036,-61.30920029
19.27059937,-69.73690033
19.25,-69.5
18.57220078,-69.98560333
18.4102993,-68.9417038
19.78109932,-70.66889954
18.56669998,-68.38330078
18.42919922,-69.66919708
19.46920013,-70.70030212
-8.553299904,125.5261002
0.966700017,-79.625
-2.15440011,-79.87560272
-0.9375,-80.72080231
0.800000012,-77.71669769
-0.137799993,-78.48609924
31.07690048,33.83409882
31.18779945,29.94809914
23.96500015,32.82170105
27.04999924,31.01670075
30.13750076,31.40690041
30.92440033,28.79470062
30.91979981,29.69630051
26.34280014,31.74279976
27.18580055,33.7989006
25.67309952,32.70750046
31.33329964,27.2166996
25.63330078,34.56940079
27.97500038,34.38970184
29.54999924,34.91669846
59.44810104,24.75329971
58.41889954,24.80610085
58.36610031,26.73609924
59.41669846,24.81669998
58.21670151,22.5
8.977800369,38.79809952
11.59029961,37.38470078
9.622200012,41.85079956
13.46829987,39.52640152
68.34999847,23.41670036
60.32559967,24.97170067
60.14780045,24.92440033
68.61109924,27.41559982
62.66249847,29.60890007
62.39920044,25.68190002
64.27780151,27.68889999
65.99030304,29.23390007
65.77999878,24.58580017
63.71559906,23.14170075
67.66670227,24.89999962
63.00559998,27.79829979
61.04610062,28.15670013
60.12329865,19.89669991
64.92919922,25.35829926
61.46310043,21.79719925
66.56310272,25.82670021
62.68330002,22.81669998
61.95000076,28.95000076
60.51470184,22.2656002
61.46390152,23.73889923
63.04499817,21.76140022
41.92419815,8.803099632
47.49779892,-0.574199975
45.72940064,0.219699994
43.90000153,4.900000095
48.44720078,-4.420599937
42.54919815,9.486100197
43.46860123,-1.522500038
44.82939911,-0.714399993
49.4557991,2.112499952
45.15000153,1.466699958
49.96989822,2.692500114
43.32419968,3.35439992
43.21580124,2.306900024
49.00970078,2.548599958
49.65110016,-1.465299964
45.78580093,3.167500019
49.1733017,-0.448100001
46.81669998,1.700000048
42.52780151,8.791700363
45.63890076,5.881700039
43.54999924,2.283299923
47.27080154,5.088900089
47.04029846,5.430600166
48.58779907,-2.083600044
49.3628006,0.164199993
45.54169846,4.297500134
44.83330154,0.516700029
48.97919846,6.247799873
43.75859833,4.416699886
41.58330154,9.25
45.3628006,5.329699993
43.1794014,-0.0056
49.53889847,0.088600002
45.86190033,1.182199955
50.56439972,3.088099957
46.18059921,-1.185799956
47.76110077,-3.439199925
50.51499939,1.628100038
43.26390076,6.655600071
45.7256012,5.081699848
47.59000015,7.53000021
43.58060074,3.970299959
43.43560028,5.216400147
49.07249832,6.134399891
43.66389847,7.21750021
47.15829849,-1.609699965
48.72890091,2.357199907
42.74079895,2.871700048
46.59170151,0.305599988
49.04999924,2.083300114
43.38000107,-0.417800009
44.40890122,2.483299971
49.31079865,4.050600052
48.0685997,-1.731400013
34.61339951,-79.05970001
48.51309967,-2.808900118
48.53689957,7.627500057
43.11669922,6.116700172
43.63000107,1.363600016
47.43249893,0.727800012
47.97439957,-4.170800209
48.76779938,4.201099873
48.42610169,10.93309975
50.98329926,12.44999981
52.36669922,13.50329971
53.04669952,8.789999962
52.16669846,10.5
50.86579895,7.141900063
51.84999847,11.41670036
51.13330078,13.76669979
51.51670075,7.466700077
51.28110123,6.752799988
50.98329926,10.9666996
47.66719818,9.512499809
48.77944565,8.080555916
47.99250031,10.24359989
52.13610077,7.685599804
50.03889847,8.570599556
54.91529846,8.343099594
52.46110153,9.68500042
53.63389969,9.994999886
54.18330002,11
49.95000076,7.266699791
51.40810013,9.375300407
53.80609894,10.72060013
51.40000153,12.41670036
48.34999847,11.7833004
51.60309982,6.144199848
49.49969864,11.08170033
51.61500168,8.621100426
51.46670151,7.216700077
53.91669846,12.2833004
49.4375,7.517799854
49.21670151,7.119699955
48.68830109,9.210000038
52.5,13.50829983
52.47470093,13.40330029
52.56060028,13.29559994
53.53580093,9.836600304
49.20940018,7.400599957
5.595300198,-0.1708
36.15000153,-5.347199917
35.42139816,27.14609909
37.93640137,23.94440079
40.85583496,25.95638847
39.60189819,19.9116993
35.5316658,24.14972305
38.11809921,20.50559998
38.1511116,21.42555618
35.33969879,25.18029976
39.69639969,20.82250023
38.3431015,26.1406002
37.43500137,25.34810066
37.0821991,25.36860085
35.21609879,26.10140038
39.17720032,23.50359917
36.39916611,25.4794445
36.79330063,27.0916996
36.27416611,23.01694489
37.06829834,22.02560043
40.91329956,24.61919975
39.91690064,25.2364006
39.05609894,26.59939957
38.92639923,20.76580048
36.38470078,28.11829948
40.52080154,22.97220039
38.96829987,24.48810005
37.68889999,26.91390038
39.21910095,22.79529953
37.75579834,20.88829994
70.74310303,-22.6583004
64.19219971,-51.68249893
69.21669769,-51.09999847
66.93689728,-53.70420075
65.5667038,-37.11669922
67.0121994,-50.71969986
76.53220367,-68.70330048
61.16220093,-45.42810059
16.91670036,-89.88330078
14.58189964,-90.52749634
15.72309971,-88.60610199
15.74059963,-86.85720062
16.31469917,-86.52580261
15.4513998,-87.92420197
14.05970001,-87.21749878
22.31809998,114.199997
22.30360031,113.9205017
47.43330002,19.23329926
47.49029923,21.61389923
45.98939896,18.24220085
46.68610001,17.16390038
65.6568985,-18.07220078
65.27780151,-14.40279961
63.98529816,-22.60420036
64.12940216,-21.93889999
27.1583004,77.96279907
23.06640053,72.62419891
31.70689964,74.79720306
20.24360085,85.8199997
13.20300007,77.70580292
19.08810043,72.85169983
17.4531002,78.38420105
11.13329983,75.95279694
22.65250015,88.44920349
11.02830029,77.04329681
11.9158001,75.54579926
9.944399834,76.27189636
28.57360077,77.10079956
26.10420036,91.58750153
24.74670029,84.94580078
15.3828001,73.82810211
17.25,78.41670227
22.72310066,75.80560303
26.68059921,88.33059692
30.6718998,76.79060364
12.96389961,74.89389801
9.832500458,78.08809662
26.82169914,75.80609894
26.76029968,80.88030243
12.99330044,80.17690277
21.09110069,79.04969788
18.58139992,73.92060089
27.22780037,88.5868988
21.16670036,72.83329773
33.98809815,74.77529907
8.479700089,76.91970062
10.7638998,78.70890045
16.52939987,80.79720306
25.45190048,82.86309815
17.72109985,83.22470093
-8.56000042,116.0969009
-3.442800045,114.7538986
-6.90170002,107.575798
-1.268100023,116.8930969
1.130599976,104.1342011
5.519999981,95.41940308
-3.716700077,138.6499939
-8.310600281,114.3399963
-6.125800133,106.6577988
-1.634699941,103.6417007
-8.748600006,115.1650009
2.25970006,98.99530029
-6.266699791,106.8897018
-7.789700031,110.430603
-6.648300171,108.1541977
3.642199993,98.88529968
-10.17389965,123.6583023
-6.171899796,120.4353027
-5.833300114,110.5
-8.757200241,116.2767029
1.543900013,124.9235992
3.561100006,98.67279816
-0.87559998,100.3499985
0.46419999,101.4385986
-2.900000095,104.6994019
-0.149399996,109.4028015
-7.5,110.7514038
-6.975800037,110.3799973
-7.218100071,112.7208023
-2.75,107.6500015
0.919200003,104.5361023
3.325799942,117.5667038
-0.083300002,117.4332962
-5.063899994,119.553299
54.23329926,-10
55.04999924,-8.333299637
53.43249893,-6.252200127
53.29439926,-8.949999809
52.06669998,-9.5
53.91669846,-8.816699982
51.84080124,-8.488900185
52.70059967,-8.918600082
54.28329849,-8.4666996
52.19720078,-7.088900089
29.55970001,34.96139908
29.72719955,35.0141983
32.81110001,35.04169846
32.1108017,34.77939987
32.0121994,34.8824997
29.93950081,34.93360138
40.63059998,8.288900375
43.61750031,13.36419964
45,7
46.0318985,12.59720039
41.11780167,16.86940002
40.65810013,17.94669914
45.66830063,9.700300217
44.5306015,11.29249954
41.14110184,16.78829956
46.46030045,11.32670021
39.24720001,9.061100006
41.79940033,12.59329987
36.99169922,14.60690022
38.99250031,17.08609963
37.40280151,14.92310047
44.53530121,7.617499828
42.76110077,10.23970032
41.8003006,12.23890019
43.81029892,11.19779968
41.42670059,15.5394001
44.19530106,12.0685997
44.4131012,8.837800026
42.76190186,11.07059956
45.44169998,9.277799606
35.49610138,12.61499977
45.63280106,8.732199669
40.88610077,14.29170036
40.89720154,9.522199631
43.09690094,12.51140022
44.79999924,10.33329964
38.18109894,13.10499954
36.81359863,11.96609974
43.68059921,10.39280033
42.43389893,14.18439961
40.61999893,14.91250038
38.07529831,15.65079975
44.02080154,12.61219978
38.90919876,16.23889923
40.51779938,17.40189934
37.9117012,12.48639965
45.2010994,7.648099899
45.8266983,13.47220039
45.68330002,12.08329964
45.54999924,10.2166996
45.5,12.35000038
45.46670151,10.93330002
5.256400108,-3.92689991
7.73939991,-5.069200039
17.95000076,-76.73329926
17.98749924,-76.82330322
18.50189972,-77.91249847
43.67079926,142.4514008
40.73939896,140.7014008
39.61569977,140.2169952
42.79579926,141.6692047
26.35499954,127.7739029
37.22859955,140.4291992
34.66669846,138.1667023
33.5821991,130.4532929
34.43569946,132.919693
41.7682991,140.8224945
39.42689896,141.1383057
35.55360031,139.7657929
33.13330078,130.3000031
36.23329926,140.3500061
24.39640045,124.2450028
34.7806015,135.4416962
34.13529968,132.2355957
24.7866993,141.3242035
35.40940094,132.8894043
33.54109955,133.6768951
37.95330048,139.1224976
34.42499924,135.2471924
33.83309937,130.9494019
31.87439919,131.4438934
32.83190155,130.8524933
36.39390183,136.4169006
31.80190086,130.7203064
43.03969955,144.2039032
43.90000153,144.1672058
36.28329849,138
24.78079987,125.2972031
33.82220078,132.7041931
34.85900116,136.8144989
32.91189957,129.9174957
35.25170136,136.9275055
35.76390076,140.391098
37.20000076,136.8999939
42.73339844,143.2174072
33.47610092,131.7397003
26.1990757,127.6446762
43.11529923,141.3843994
34.58670044,133.9360962
35.74489975,139.3516998
38.13610077,140.9239044
43.56669998,144.9667053
24.81669998,125.1500015
34.29029846,134.0731049
27.83329964,128.8833008
34.12969971,134.6016998
36.64419937,137.1889038
35.52669907,134.1703033
33.92580032,131.2743988
35.49140167,133.2422028
31.97220039,35.99000168
31.71699905,36
29.61249924,35.01940155
50.25,57.21670151
43.34999847,77.03330231
43.5,76.94999695
42.36410141,69.47879791
42.90000153,71.36669922
47.11669922,51.90000153
49.83330154,73.16670227
53.31669998,69.40000153
53.20370102,63.55189896
44.83330154,65.83329773
50.33330154,80.25
54.78329849,69.1832962
52.18330002,77.0667038
43.86000061,51.09889984
51.20000076,71.44999695
50.03329849,82.5
51.25,51.43330002
-0.085600004,34.72859955
4.233300209,34.34999847
-4.031400204,39.5931015
-1.316699982,36.93080139
-1.322199941,36.81330109
1.766700029,40.59999847
19.89579964,102.1639023
15.13169956,105.7838974
19.13330078,103.8167038
17.98469925,102.5667038
16.55360031,104.762497
54.90000153,23.91670036
55.91669846,21.04999924
54.63330078,25.2833004
49.62779999,6.206699848
22.23329926,113.5832977
41.18500137,20.74309921
41.9618988,21.61809921
-12.34609985,49.29249954
-25.03809929,46.95560074
-15.6658001,46.35309982
-13.31110001,48.31389999
-17.08329964,49.81669998
-14.27690029,50.17499924
-23.38969994,43.7242012
-18.11000061,49.39220047
-18.79640007,47.48609924
-15.67469978,34.97079849
-13.7894001,33.78070068
5.94080019,116.0500031
3.174999952,113.0430985
4.566899777,101.0958023
1.638900042,103.6707993
6.165299892,102.293602
1.484200001,110.3407974
3.772200108,103.2102966
2.745599985,101.7098999
5.300600052,115.2482987
6.366700172,99.83329773
2.264199972,102.2533035
4.455299854,114.0008011
4.066699982,114.9332962
5.289700031,100.2724991
4.244800091,100.5538025
5.765299797,103.006897
2.341700077,111.8383026
5.900000095,118.0597
3.129699945,101.5519028
5.381100178,103.1097031
2.819400072,104.1619034
4.264200211,117.884697
1.549999952,110.3833008
-0.694400012,73.1556015
6.433300018,73.0943985
4.201399803,73.5243988
12.63220024,-8.02670002
14.43190002,-11.43939972
35.83670044,14.5472002
8.714699745,167.7268982
7.064700127,171.274704
14.58969975,-61.0060997
20.49939919,-13.04640007
20.93420029,-17.02829933
18.09189987,-15.95189953
20.5333004,-12.75
-20.42749977,57.67639923
-19.75,63.34999847
-12.80690002,45.27999878
16.75559998,-99.76689911
21.70280075,-102.3179016
20.99349976,-101.4807968
27.39189911,-109.8392029
18.64999962,-91.80000305
18.48189926,-88.33329773
24.76440048,-107.4741974
21.0333004,-86.86669922
28.65250015,-106.0943985
20.51670075,-86.9332962
24.125,-104.5250015
20.52389908,-103.3125
27.95560074,-110.930603
29.09639931,-111.0460968
15.77390003,-96.26249695
24.12560082,-110.2983017
25.68589973,-109.0836029
26.95000076,-101.4832993
25.98329926,-111.3499985
19.43530083,-99.07279968
20.93330002,-89.65000153
19.85000038,-101.0299988
17.98329926,-94.51670075
25.78000069,-100.1100006
32.63069916,-115.2413025
23.16250038,-106.2739029
16.98329926,-96.73329926
19.13500023,-98.36750031
31.35000038,-113.5333023
20.68190002,-105.2482987
20.60000038,-100.3833008
31,-114.8666992
23.15530014,-109.7249985
22.17720032,-100.9882965
25.5333004,-100.9167023
22.27440071,-97.80169678
14.90970039,-92.25309753
16.56159973,-93.02590179
32.54140091,-116.9702988
19.37919998,-99.6917038
25.56830025,-103.4107971
19.41110039,-102.0472031
19.14999962,-96.1832962
17.9666996,-92.9332962
22.89719963,-102.6853027
17.60969925,-101.4916992
19.11330032,-104.3506012
5.350800037,162.9763947
7.016699791,158.2360992
7.459700108,151.8388977
9.49750042,138.0894013
46.93330002,28.93330002
43.73329926,7.416699886
46.09999847,100.6832962
48.13629913,114.6443024
49,90
47.84999847,106.7667007
42.35829926,19.25189972
42.40359879,18.72559929
16.75,-62.23329926
30.38059998,-9.545800209
35.17969894,-3.836899996
32.40000153,-6.317200184
33.55970001,-7.663099766
33.36669922,-7.586699963
31.39749908,-9.681699753
33.92860031,-4.976699829
29.01670075,-10.06669998
35.20000076,-2.916699886
34.78329849,-1.933300018
30.91670036,-6.916699886
31.60829926,-8.038299561
34.04999924,-6.756899834
35.72829819,-5.917500019
35.58330154,-5.316699982
-15.10169983,39.28720093
-21.88470078,35.42499924
-19.79439926,34.91189957
-21.53470039,35.49169922
-21.70190048,35.44829941
-23.87439919,35.40829849
-25.92110062,32.56940079
-12.98830032,40.52249908
-16.1033001,33.63890076
-17.84720039,36.86560059
-22.0333004,35.29999924
-19.13330078,33.48329926
-26.68390083,15.24499989
-28.58480072,16.44650078
-22.48329926,17.4666996
-22.97859955,14.65060043
-0.533299983,166.9167023
26.43470001,87.28330231
28,82.33329773
27.70059967,85.36309815
28.19720078,83.98609924
52.30830002,4.768099785
52.92440033,4.780799866
51.45330048,5.388899803
53.12030029,6.575600147
50.91109848,5.773600102
52.23329926,5.166699886
51.95830154,4.444399834
-22.01689911,166.2108002
-37.01110077,174.7991943
-43.48830032,172.5332947
-45.92499924,170.199997
-37.86109924,175.3332977
-40.32220078,175.6166992
-38.11109924,176.3166962
-41.32389832,174.8014069
-45.02140045,168.7389069
11.42749977,-86.03330231
12.14109993,-86.16860199
16.96419907,7.993100166
13.50249958,7.125299931
13.48330021,2.170799971
13.77939987,8.983099937
9.005599976,7.26609993
6.475599766,7.566100121
10.5958004,7.440299988
12.04640007,8.523900032
6.588900089,3.326400042
5.015399933,6.950099945
5.5,5.683300018
-19.08329964,-169.9333038
-29.04249954,167.9394074
62.5625,6.10529995
60.29359818,5.219399929
67.26920319,14.37220001
68.4910965,16.67970085
59.4056015,5.279200077
69.72280121,29.8932991
58.2030983,8.084199905
63.11470032,7.844399929
78.20890045,15.80000019
62.74860001,7.271100044
63.70000076,9.616700172
60.20000076,11.08329964
62.57920075,11.34560013
59.37879944,10.78549957
59.18280029,9.5625
59.79259872,5.341499806
58.87969971,5.634699822
69.68139648,18.92169952
63.45970154,10.93690014
59.18780136,10.26029968
61.08330154,9.333299637
7.36439991,134.553894
8.973099709,-79.55750275
9.340000153,-82.25189972
8.383299828,-82.4332962
9.366700172,-79.90000153
8.627799988,-79.03469849
8.971300125,-79.55560303
8.366700172,-78.13330078
9.069999695,-79.38359833
8.380000114,-80.12969971
-9.050000191,141.0500031
-10.3107996,150.3385925
-5.827199936,144.2949982
-6.233300209,142.2167053
-3.066699982,152.6166992
-5.209199905,145.7816925
-2.056699991,147.4243927
-6.349999905,143.25
-9.444999695,147.2102966
-4.340300083,152.379303
-5.28000021,141.2274017
-25.45549965,-54.84339905
-25.23920059,-57.51919937
-16.33779907,-71.55500031
-6.789700031,-79.8321991
-13.52939987,-71.95970154
-3.75,-73.19999695
-12.02670002,-77.12280273
-11.32559967,-74.53559876
-8.090000153,-79.11499786
10.64439964,122.9291992
10.33170033,123.9067001
15.18060017,120.5567017
7.131700039,125.6493988
9.859199524,126.0014038
10.71440029,122.543602
11.68280029,122.3771973
18.18359947,120.5302963
14.50860024,121.0193024
9.742199898,118.7538986
14.79580021,120.2696991
9.758899689,125.4792023
9.571100235,123.7699966
17.64109993,121.7316971
6.923099995,122.0588989
53.09669876,17.97859955
54.36669922,18.64999962
51.93330002,15.51669979
50.08330154,19.7833004
50.48329926,19.08329964
52,20
51.23860169,22.71330071
52.41690064,16.88330078
51.3885994,21.21139908
50.11669922,22.01670075
53.48189926,20.94750023
53.58330154,14.89999962
52.16669846,20.9666996
52.4510994,20.65169907
51.09999847,16.88330078
38.7256012,-9.35529995
37.01440048,-7.970799923
32.69419861,-16.77809906
38.7818985,-9.133299828
41.23809815,-8.674699783
37.74720001,-25.68190002
33.06689835,-16.34560013
36.96580124,-25.17000008
38.75669861,-27.09420013
25.27440071,51.60829926
25.11580086,51.31529999
24.83329964,50.91669846
-20.87719917,55.52140045
-21.33329964,55.48329926
46.18330002,21.26670075
47.65000153,23.4666996
44.5,26.10000038
46.59859848,26.88190079
46.78329849,23.68330002
44.34999847,28.48329926
44.31890106,23.88640022
47.18330002,27.60000038
47.02750015,21.90309906
44.56669998,26.10000038
45.78329849,24.08329964
47.68939972,26.35610008
47.79999924,22.88330078
45.18330002,28.81669998
46.53329849,24.5333004
45.81669998,21.33329964
44.90000153,37.31669998
53.71670151,91.4332962
43.45000076,39.93330002
64.5667038,40.53329849
46.34999847,48.04999924
53.36669922,83.75
68.55690002,146.2310944
50.41669846,127.4000015
53.26670075,34.33330154
59.28329849,38.06669998
55.29999924,61.5
56.13330078,47.26670075
55.40000153,37.88330078
50.63330078,36.65000153
46.36669922,44.33330154
59.91669846,150.7167053
56.22320175,43.78379822
43.33330154,45.70000076
51.71279907,46.17110062
61.01860046,69.08390045
52.03329849,113.3000031
57.6181984,39.8409996
56.83330154,53.46670151
52.26670075,104.4000015
57,41
56.71670151,47.90000153
55.33330154,86.08329773
54.71670151,20.5
48.52669907,135.1867065
56.04999924,92.90000153
54.5,36.26670075
55.43330002,65.30000305
45.03329849,39.15000153
53.50740051,50.15439987
67.58329773,33.58330154
58.5,49.34999847
50.40000153,136.949997
51.70000076,94.46669769
55.78359985,49.21670151
59.79999924,30.29999924
52.61669922,39.59999847
42.96670151,47.5
68.78479767,32.7580986
53.45000076,59.06669998
44.21670151,43.08330154
43.53329849,43.70000076
55.56470108,52.09249878
56.65000153,124.5999985
60.95000076,76.48329926
63.5,75
53.75,87.09999847
69.3167038,87.3167038
66.08329773,76.51670075
65.48329926,72.71669769
43.20000076,44.59999847
54.96670151,73.30000305
55.5074997,37.50419998
51.07249832,58.59560013
55.01670075,82.65000153
61.31800079,63.60829926
58,56.25
61.78329849,34.33330154
53.21670151,45
53.01670075,158.6499939
57.81669998,28.29999924
66.39859772,112.0314026
51.78329849,55.11669922
47.25,39.81669998
51.56669998,46.06669998
61.66669846,50.76670075
61.23329926,73.33329773
54.16669846,45.16669846
66.58979797,66.60630035
44.98279953,42.11439896
55.98329926,37.41669846
56.73329926,60.79999924
52.71670151,41.43330002
57.15000153,65.53330231
56.5,84.96669769
54.73329926,55.93330002
54.2682991,48.22669983
54.26670075,48.21670151
51.75,36.26670075
54.61669922,52.81669998
51.83330154,107.5
46.88330078,142.7167053
55.58330154,37.26670075
48.75,44.5
51.66669846,39.21670151
43.21670151,131.6667023
62.08330154,129.7666931
55.55329895,38.15169907
65.73670197,150.7050018
-1.967800021,30.13999939
-2.450000048,28.95000076
17.90439987,-62.84500122
-7.970300198,-14.39360046
-15.95810032,-5.644999981
17.20499992,-62.59249878
17.30809975,-62.72140122
14.01920033,-60.99280167
13.73560047,-60.95220184
18.10059929,-63.0489006
46.76259995,-56.17549896
12.98330021,-61.25
12.7166996,-61.33330154
13.14309979,-61.21530151
12.5958004,-61.41830063
0.378300011,6.724999905
18.23719978,42.65890122
29.79999924,40.06669998
26.4666996,49.78329849
17.61170006,44.42969894
26.30330086,43.77080154
16.86669922,42.58330154
27.43889999,41.68640137
25.28549957,49.4864006
21.67130089,39.15969849
24.54500008,39.72109985
27.9239006,35.29389954
24.95919991,46.69609833
21.48830032,40.54330063
28.37220001,36.62530136
24.14170075,38.06669998
12.39999962,-16.75
14.7407999,-17.49060059
14.67109966,-17.06690025
16.0503006,-16.46030045
12.55609989,-16.27580071
44.81919861,20.31220055
43.33390045,21.85169983
42.57360077,21.03560066
-4.672200203,55.52249908
8.617500305,-13.19690037
1.357800007,103.990799
1.416700006,103.8694
18.04360008,-63.11190033
48.16669846,17.2166996
49.23329926,18.76670075
48.66669846,21.25
48.63330078,17.83329964
48.63330078,19.13330078
49.07189941,20.24029923
46.22470093,14.46080017
46.47999954,15.68939972
45.51670075,13.58329964
-9.425299645,160.0455933
-8.321700096,160.7953033
10.39169979,44.95000076
11.2833004,49.15000153
9.522500038,45.55419922
9.9666996,43.11669922
8.457900047,48.56719971
6.780900002,47.45449829
9.515800476,44.09170151
-0.416700006,42.84170151
2.013299942,45.31330109
-33.96469879,18.60219955
-29.61440086,31.11639977
-26.08329964,27.58329964
-26.14030075,28.24279976
-27.4666996,23.4666996
-25.38820076,31.10199928
-26.0333004,27.91670036
-24.80310059,31.42219925
36.65000153,127.5167007
33.50559998,126.4950028
37.5503006,126.7835999
35.08810043,128.0780945
37.46020126,126.4406967
37.47219849,126.6082993
35.12329865,126.8107987
34.99140167,126.3827972
37.08499908,127.0317001
35.17079926,129.1306
34.8368988,127.6188965
35.89030075,128.6605988
35.59059906,129.3574982
38.06669998,128.6000061
4.870600224,31.60390091
9.555600166,31.64439964
6.849699974,29.65139961
7.725699902,27.97319984
38.94860077,-1.863600016
28.94249916,-13.60470009
36.67169952,-4.498099804
38.28250122,-0.558300018
41.2969017,2.078299999
43.30279923,-2.921700001
38.89139938,-6.821400166
40.20970154,0.0197
38.86029816,-3.992500067
43.35779953,-1.789999962
28.44809914,-13.86190033
41.90919876,2.763299942
37.18780136,-3.780600071
38.87360001,1.372799993
41.72769928,0.53579998
43.29940033,-8.379199982
36.8443985,-2.372200012
42.59579849,-5.591700077
42.34999847,1.466699958
27.93190002,-15.38329983
40.47359848,-3.561100006
39.8614006,4.215300083
37.77470017,-0.811100006
43.43050003,-5.826399803
39.55360031,2.727799892
42.76940155,-1.644400001
41.15000153,1.169399977
42.35749817,-3.620800018
37.79330063,-1.140300036
42.89500046,-8.414999962
43.42919922,-3.826400042
40.96670151,-5.650000095
28.62249947,-17.75359917
37.41500092,-5.897500038
28.47500038,-16.33060074
28.0428009,-16.57060051
40.45560074,-3.546700001
42.22639847,-8.627799988
42.88389969,-2.723099947
39.48860169,-0.481900007
41.70560074,-4.854199886
36.74530029,-6.05889988
41.66669846,-1.038900018
7.175000191,79.88469696
6.292349815,81.12208557
6.819399834,79.88749695
19.18330002,30.45000076
13.15970039,30.23419952
15.59939957,32.55609894
15.3902998,36.34220123
19.57780075,37.21390152
12.0717001,24.8946991
5.809400082,-55.19110107
5.451399803,-55.19110107
-26.52420044,31.31139946
-26.51919937,31.31579971
56.29309845,12.86250019
65.58329773,19.2833004
59.66189957,17.93390083
60.4233017,15.51809979
59.35279846,17.94639969
62.03329849,14.33329964
57.66669846,12.2833004
57.7757988,11.87310028
56.68330002,12.81939983
57.75780106,14.0703001
55.91939926,14.08889961
56.68500137,16.28720093
67.82219696,20.3458004
59.36169815,13.46940041
65.54470062,22.12779999
58.4068985,15.6736002
55.53030014,13.37170029
58.58890152,16.25
58.78919983,16.90690041
63.40829849,18.99169922
59.22779846,15.04310036
63.19860077,14.49440002
67.24569702,23.06889916
56.25830078,15.26109982
62.52640152,17.44669914
64.625,21.07830048
58.32109833,12.34389973
60,13
63.79359818,20.28440094
57.6631012,18.34939957
59.58919907,16.63059998
56.92509842,14.72710037
59.05720139,16.58889961
47.48500061,9.560799599
46.91529846,7.499199867
47.59030151,7.53030014
47.09220123,-8.304699898
46.23809815,6.10890007
46.00469971,8.911399841
46.22240067,7.339799881
46.91669846,7.5
46.46670151,7.666699886
47.45830154,8.551699638
36.18080139,37.22669983
33.41389847,36.51779938
35.28559876,40.17580032
37.02780151,41.19860077
35.41669846,35.98329926
38.54359818,68.82360077
37.83330154,68.84999847
40.21670151,69.69999695
37.98830032,69.80660248
-1.299999952,31.79999924
-6.875299931,39.20190048
-3.42779994,37.07220078
-2.444700003,32.92810059
-10.33889961,40.1935997
-4.885000229,29.67000008
-6.219200134,39.22190094
13.70269966,100.7455978
19.88640022,99.83059692
18.77190018,98.96829987
13.91110039,100.6082993
6.929999828,100.3972015
12.63059998,99.95439911
8.110600472,98.3125
8.099100113,98.9835968
16.70179939,98.54350281
13.68900013,100.7419968
9.133299828,99.13330078
9.550000191,100.0667038
17.38500023,102.7928009
12.67780018,101.0092011
6.162499905,1.254199982
-21.24440002,-175.1416931
-18.58329964,-173.9667053
10.5916996,-61.33969879
11.14640045,-60.83670044
33.87419891,10.7833004
33.88330078,10.0333004
35.75690079,10.75279999
36.07559967,10.43830013
34.7181015,10.69169998
36.98040009,8.876999855
33.93080139,8.104200363
36.85250092,10.22939968
36.98360062,35.28079987
38.29430008,27.15620041
37.73350143,38.47219849
39.95470047,32.69530106
39,30.5
38.70420075,35.50970078
36.9056015,30.79059982
37.25,27.64999962
37.13470078,27.66720009
37.89530182,40.2030983
36.71250153,28.79220009
37.78720093,29.70330048
39.58330154,27.0333004
39.95560074,41.17359924
40.12919998,32.99670029
38.60829926,39.29169846
37.43560028,38.88330078
36.29809952,32.29029846
36.94810104,37.47829819
36.57500076,36.15969849
37.86669922,30.38330078
41.26029968,28.74189949
40.97669983,28.81529999
40.75,29.83329964
40.55170059,43.08580017
37.97919846,32.56219864
39.12030029,30.11689949
38.35440064,38.25360107
37.23279953,40.6405983
38.77489853,34.52690125
40.96670151,38.06669998
41.51670075,32.09999847
40.8993988,29.30920029
41.25989914,36.55879974
40.96670151,27.5
40.99860001,39.77640152
37.00030136,35.41830063
38.45859909,43.3321991
39.81389999,36.90420151
41.40969849,41.43249893
40.23329926,29.54999924
37.9817009,58.3608017
39.08330154,63.61669922
40.03329849,53
21.44389916,-71.14250183
21.77280045,-72.26830292
-8.526100159,179.203598
0.0425,32.43809891
3.049999952,30.89999962
2.783299923,32.29999924
24.26169968,55.60919952
24.43309975,54.64889908
24.4192009,54.4516983
24.91810036,55.1753006
25.25,55.35779953
25.10000038,56.34999847
25.61109924,55.93780136
25.3458004,55.39580154
25.25,55.35779953
57.20420075,-2.19810009
49.70690155,-2.215300083
54.65420151,-6.224999905
54.61719894,-5.870800018
52.4530983,-1.746399999
53.77190018,-3.036099911
50.7806015,-1.836899996
51.38169861,-2.708899975
51.74919891,-1.581099987
55.43640137,-5.686699867
54.93669891,-2.809400082
52.20560074,0.176400006
53.18000031,-2.973599911
52.36920166,-1.478600025
51.39749908,-3.346699953
56.45249939,-3.020299912
53.49000168,-1
55.94860077,-3.350300074
52.83000183,-1.329399943
50.83330154,-0.300000012
50.73419952,-3.421700001
51.51940155,-2.576100111
49.43610001,-2.602799892
55.87170029,-4.431900024
51.89250183,-2.163300037
54.04940033,-1.251899958
53.57440186,-0.350800008
57.54249954,-4.048299789
54.08250046,-4.627799988
49.21110153,-2.216700077
58.95859909,-2.903100014
53.86529923,-1.654700041
51.51670075,-0.066699997
55.04330063,-7.153299809
51.14810181,-0.196700007
51.47140122,-0.452800006
53.3382988,-2.866699934
59.8810997,-1.293099999
51.87440109,-0.366400003
50.95000076,0.933300018
53.35329819,-2.27670002
54.51169968,-1.420600057
51.34170151,1.347200036
55.03779984,-1.686699987
50.44060135,-4.995299816
52.67580032,1.28579998
51.76670075,-1.25
55.50310135,-4.575600147
50.42250061,-4.110799789
51.57279968,0.701399982
50.9516983,-1.351899982
51.88280106,0.233899996
40.65470123,-75.43830109
35.04169846,-106.6063995
41.25669861,-70.05970001
40.97919846,-124.1074982
39.45669937,-74.57779694
38.81079865,-76.86660004
31.32740021,-92.54859924
33.36920166,-81.96440125
58.67860031,-156.6493988
42.74580002,-73.80529785
35.22719955,-101.7219009
61.1692009,-149.9853058
26.15279961,-81.77529907
45.08169937,-83.55580139
39.2242012,-106.8688965
33.64080048,-84.42720032
44.25780106,-88.51999664
30.19449997,-97.66989899
35.43500137,-82.54109955
41.33919907,-75.72579956
33.30780029,-111.6554031
42.2364006,-85.5535965
41.9375,-72.68309784
47.52890015,-122.2994003
35.43000031,-119.0522003
42.20140076,-75.96920013
44.80780029,-68.82779694
33.56309891,-86.75559998
31.84939957,-106.3794022
45.80690002,-108.5428009
46.77890015,-100.7525024
36.53170013,-93.1996994
41.51689911,-81.6832962
40.48189926,-88.92749786
36.12670136,-86.68190002
43.56529999,-116.2249985
42.36360169,-71.00610352
18.49580002,-67.12999725
46.39720154,-94.13749695
25.90640068,-97.42559815
30.53170013,-91.15059662
44.47280121,-73.15309906
42.94060135,-78.73249817
34.20000076,-118.3578033
39.17499924,-76.66999817
45.78030014,-111.1594009
33.93640137,-81.11579895
40.91389847,-81.4417038
34.11159897,-117.6865997
35.03639984,-85.20359802
38.14139938,-78.45310211
65.48609924,-144.6110992
32.89920044,-80.03890228
39.79579926,-121.8566971
41.88439941,-91.70610046
37,-89.1832962
41.41080093,-81.84940338
30.58939934,-96.36440277
35.21920013,-80.93579865
39.99110031,-82.87830353
40.03969955,-88.27970123
47.1678009,-88.48639679
44.51580048,-109.0274963
38.80889893,-104.709198
38.81359863,-92.21920013
42.90859985,-106.4625015
27.77000046,-97.50080109
38.37279892,-81.5931015
35.23659897,-120.6389008
39.04610062,-84.66390228
44.78219986,-89.65920258
29.18250084,-81.05280304
32.84690094,-96.85140228
39.90110016,-84.22000122
38.85169983,-77.03690338
39.85829926,-104.6669006
32.89640045,-97.04109955
46.84249878,-92.19029999
37.15000153,-107.7510986
29.33329964,-100.978302
41.53390122,-93.65670013
42.21670151,-83.3443985
35.45000076,-97.53330231
30.35779953,-85.79889679
61.25239945,-149.7980042
39.64360046,-106.9139023
64.66500092,-147.0968933
42.16080093,-76.89530182
31.80669975,-106.3771973
42.08000183,-80.1785965
48.70830154,-122.9124985
44.12080002,-123.2174988
30.35000038,-94.0667038
38.0367012,-87.53250122
56.45640183,-159.762207
35.07360077,-77.04250336
40.69580078,-74.17169952
24.55559921,-81.75969696
64.81439972,-147.862793
46.91559982,-96.81469727
36.77669907,-119.7172012
34.99140167,-78.88030243
48.31280136,-114.2510986
35.13779831,-111.6716995
26.07419968,-80.15170288
42.96670151,-83.74169922
38.95249939,-95.66249847
48.52640152,-123.0239029
43.57889938,-96.74079895
35.33610153,-94.37000275
40.97829819,-85.18810272
44.35139847,-105.5250015
47.6169014,-117.5372009
47.95190048,-97.1785965
39.11859894,-108.5139008
29.68969917,-82.27580261
30.40609932,-89.07029724
44.48809815,-88.13059998
31.06469917,-97.82749939
42.79999924,-102.199997
42.8810997,-85.52420044
36.09189987,-79.94280243
34.89889908,-82.21389771
47.48559952,-111.3668976
38.53390122,-106.9389038
13.48169994,144.7933044
40.4817009,-107.2200012
21.32189941,-157.925293
59.24580002,-135.5189056
32.68859863,-103.2169037
29.64500046,-95.2786026
41.06890106,-73.70780182
26.22809982,-97.65219879
34.64279938,-86.77559662
38.94169998,-77.45749664
29.98329926,-95.33999634
37.65000153,-97.43280029
43.51610184,-112.0646973
34.26689911,-77.90390015
39.7256012,-86.2838974
36.13529968,-80.2256012
48.17610169,-103.6361008
40.79669952,-73.10079956
42.49029923,-76.45809937
43.6067009,-110.7369003
32.30970001,-90.07579804
30.48469925,-81.68779755
40.6385994,-73.77690125
58.35559845,-134.574707
47.73830032,-122.2680969
19.64690018,-156.012497
42.77920151,-84.58830261
36.07970047,-115.1588974
33.94219971,-118.4072037
33.66220093,-101.8227997
30.1310997,-93.2256012
39.81420136,-82.93219757
38.03969955,-84.60220337
30.20470047,-91.98750305
40.77939987,-73.87580109
33.81750107,-118.1511002
21.97920036,-159.3457947
34.72919846,-92.23439789
47.61669922,-122.3332977
40.85079956,-96.7589035
27.54470062,-99.46109772
43.87670136,-91.25610352
31.94079971,-102.2014008
43.53170013,-84.08170319
39.2928009,-94.72669983
32.69290161,-83.64920044
28.43169975,-81.3246994
40.19309998,-76.7621994
41.78499985,-87.75189972
35.04970169,-89.97859955
37.37950134,-120.5671005
26.17690086,-98.23970032
42.37360001,-122.8722
32.29999924,-86.39109802
42.93830109,-71.43890381
25.79249954,-80.2861023
48.41559982,-101.3572006
42.95029831,-87.89720154
28.10250092,-80.64309692
41.44889832,-90.50499725
32.51110077,-92.03890228
30.68829918,-88.24079895
37.62689972,-120.9552994
48.25939941,-101.2807999
25.74749947,-80.17350006
46.53419876,-87.56169891
36.58810043,-121.8480988
43.14189911,-89.3368988
46.91559982,-114.0875015
44.88610077,-93.21779633
29.99110031,-90.25140381
38.50059891,-107.8946991
33.67919922,-78.92970276
36.93719864,-76.29060364
30.23419952,-81.6753006
41.53079987,-71.28250122
34.12030029,-119.1200028
34.83029938,-77.61170197
37.72359848,-122.2155991
20.90060043,-156.4335938
35.39310074,-97.6006012
41.30189896,-95.89330292
64.51139832,-165.4416962
34.05720139,-117.6081009
41.97809982,-87.90609741
36.89580154,-76.20140076
47.90829849,-122.2814026
26.68219948,-80.09420013
45.58919907,-122.5950012
30.21249962,-85.68190002
37.13169861,-76.49330139
39.86809921,-75.24859619
33.43610001,-112.0089035
40.66139984,-89.68720245
27.91670036,-82.6832962
40.49670029,-80.2358017
45.57080078,-84.7928009
56.00559998,-160.5583038
30.47249985,-87.18830109
-14.33440018,-170.7097015
46.26390076,-119.1147003
18.00970078,-66.56140137
33.8266983,-116.5049973
41.72829819,-71.42610169
43.64440155,-70.3035965
44.04529953,-103.0569
40.50830078,-122.2921982
44.25439835,-121.1513977
35.87530136,-78.7818985
42.19720078,-89.09249878
37.5060997,-77.32250214
33.98329926,-117.3666992
41.59640122,-109.0658035
40.09469986,-108.7605972
39.49779892,-119.7675018
37.3246994,-79.97640228
43.12139893,-77.67079926
14.17329979,145.2389069
43.91030121,-92.49639893
26.53610039,-81.75499725
32.73360062,-117.1866989
29.5333004,-98.4693985
32.12749863,-81.20249939
34.42779923,-119.8394013
41.70470047,-86.3167038
35.23669815,-120.6391983
40.77080154,-77.88140106
38.17969894,-85.73860169
47.44919968,-122.3080978
28.77499962,-81.24030304
37.61940002,-122.3728027
37.24000168,-93.38500214
59.46060181,-135.3155975
32.44689941,-93.82859802
18.45890045,-66.10279846
37.36109924,-121.9255981
18.44140053,-66.00219727
40.78419876,-111.9669037
38.79079819,-97.65249634
38.6955986,-121.5896988
34.90499878,-120.4578018
33.67559815,-117.8672028
18.33690071,-64.96829987
39.84420013,-89.67890167
15.12030029,145.7303009
27.39389992,-82.55419922
38.74720001,-90.36440277
18.33720017,-64.97329712
17.70389938,-64.79889679
32.00999832,-81.14579773
41.50579834,-74.09719849
43.11059952,-76.10250092
30.39970017,-84.35189819
41.59080124,-83.80079651
27.97310066,-82.53530121
36.47610092,-82.40640259
36.19779968,-95.88970184
32.11610031,-110.9405975
44.74000168,-85.58580017
32.35469818,-95.39890289
35.81219864,-83.99250031
13.58180046,144.9268036
30.48329926,-86.52529907
18.13330078,-65.49060059
36.28170013,-94.30670166
32.65420151,-114.6069031
-34.84000015,-56.03030014
-34.91439819,-54.9192009
-31.43670082,-57.98830032
-34.89360046,-56.16669846
40.73329926,72.30000305
39.76670075,64.48329926
40.35029984,71.7335968
38.79999924,65.76670075
42.48329926,59.63330078
40.98329926,71.59999847
41.21049881,68.99490356
39.70000076,67
41.31669998,69.38330078
37.26670075,67.28330231
41.57780075,60.64170075
-15.51669979,167.1333008
-17.69330025,168.3099976
10.1097002,-64.6875
10.04529953,-69.35610199
10.60529995,-66.98809815
8.305000305,-62.7344017
10.44779968,-64.19190216
11.77939987,-70.15249634
10.56110001,-71.7256012
10.47920036,-68.07360077
10.96829987,-63.83330154
8.305000305,-62.7344017
7.766699791,-72.23329926
7.570000172,-72.040802
10.1541996,-67.93190002
11.99359989,109.2249985
16.04220009,108.203598
11.74969959,108.3778
21.03580093,105.8899994
20.81669998,106.5667038
16.39920044,107.7033005
12.22780037,109.1939011
10.23330021,103.9666977
10.81719971,106.6577988
10.0472002,105.7664032
17.51530075,106.5907974
21.11377525,107.4172669
18.70000076,105.6333008
-13.23330021,-176.1667023
27.13330078,-13.2166996
23.71330071,-15.93500042
-13.83329964,-172
-13.84930039,-171.7393036
